experiment,seed,best_epoch,validation_iou,test_iou,test_loss
early_concat,7,15,0.49376074066667847,0.5759970217066652,0.45283299114774256
early_concat,42,15,0.49592247814165824,0.566316224196378,0.425870439147248
early_concat,123,15,0.4989221827550368,0.5891541317790089,0.4190945712959065
full_bidirectional_pretrained,7,15,0.5061592256480997,0.587223944692489,0.3952776263741886
full_bidirectional_pretrained,42,14,0.5135672277573383,0.5774997124749729,0.4168530755183276
full_bidirectional_pretrained,123,14,0.4940890102562579,0.5678847613470519,0.43890975459533577
late_average,7,14,0.5075733718095403,0.5569490306079388,0.42433123071404066
late_average,42,14,0.48903750560500403,0.5579781521330861,0.44979876016869264
late_average,123,10,0.5120121669588666,0.5708935049307697,0.438553165863542
s1_only,7,13,0.3721433803897746,0.4180774473968674,0.6460850922500386
single_scale,7,13,0.5176239786387393,0.5762724989806028,0.4158244707128581
single_scale,42,14,0.49656981004006934,0.5630960478721296,0.4334478711380678
single_scale,123,15,0.5026934494574865,0.5730477905120043,0.45909561479792876
unidirectional,7,15,0.49210664178385877,0.5333984029643676,0.4477984138271388
unidirectional,42,13,0.48801432730573596,0.5511511193095323,0.4399462320348796
unidirectional,123,15,0.5063635774634101,0.5622109679833931,0.43382475568967704
s1_only,42,15,0.37061530447240465,0.420494630056269,0.6303602040690535
s1_only,123,13,0.3640012794604638,0.4197346642613411,0.6518304786261391
s2_only,7,15,0.4966563632090886,0.5787605477003929,0.41146911593044505
s2_only,42,14,0.4997653080658479,0.5712941251969075,0.42120368756792126
s2_only,123,15,0.5133873637991421,0.574471795671236,0.4262913838028908
full_bidirectional_random_init,7,10,0.46409917577649606,0.5346188082167989,0.46793565197902565
full_bidirectional_random_init,42,14,0.46657094652905606,0.5352095858645899,0.4668825238066561
full_bidirectional_random_init,123,14,0.4598134236805367,0.5305480805280454,0.4657878249007113
